{"stats":{"minecraft:killed_by":{"minecraft:zombie":1},"minecraft:killed":{"minecraft:zombie":2},"minecraft:custom":{"minecraft:jump":96,"minecraft:time_since_rest":413,"minecraft:damage_dealt":419,"minecraft:deaths":1,"minecraft:leave_game":2,"minecraft:play_time":6985,"minecraft:sprint_one_cm":28898,"minecraft:damage_taken":370,"minecraft:time_since_death":371,"minecraft:walk_one_cm":18202,"minecraft:damage_blocked_by_shield":265,"minecraft:total_world_time":6985,"minecraft:mob_kills":2,"minecraft:fall_one_cm":1045,"minecraft:fly_one_cm":14407},"minecraft:used":{"minecraft:bread":4,"minecraft:shield":10,"minecraft:wooden_sword":20},"minecraft:picked_up":{"minecraft:rotten_flesh":2},"minecraft:mined":{"minecraft:grass":4}},"DataVersion":3465}