{"stats":{"minecraft:picked_up":{"minecraft:pumpkin":1,"minecraft:wheat_seeds":3,"minecraft:porkchop":1},"minecraft:mined":{"minecraft:tall_grass":3,"minecraft:grass":25,"minecraft:pumpkin":1},"minecraft:used":{"minecraft:pumpkin":1,"minecraft:porkchop":1},"minecraft:custom":{"minecraft:jump":94,"minecraft:time_since_rest":5109,"minecraft:damage_dealt":100,"minecraft:leave_game":1,"minecraft:sprint_one_cm":20602,"minecraft:play_time":5109,"minecraft:damage_taken":20,"minecraft:time_since_death":5109,"minecraft:walk_one_cm":7011,"minecraft:total_world_time":5109,"minecraft:mob_kills":1,"minecraft:drop":3,"minecraft:fall_one_cm":1585,"minecraft:fly_one_cm":16623},"minecraft:dropped":{"minecraft:wheat_seeds":3},"minecraft:killed":{"minecraft:pig":1}},"DataVersion":3465}