{"stats":{"minecraft:killed_by":{"zombie_more:crawler_zombie":1},"minecraft:killed":{"minecraft:pig":1},"minecraft:custom":{"minecraft:time_since_rest":2904,"minecraft:sprint_one_cm":51318,"minecraft:play_time":10619,"minecraft:deaths":1,"minecraft:damage_taken":305,"minecraft:walk_one_cm":26624,"minecraft:mob_kills":1,"minecraft:drop":7,"minecraft:jump":165,"minecraft:damage_dealt":182,"minecraft:leave_game":1,"minecraft:time_since_death":2869,"minecraft:total_world_time":10619,"minecraft:fall_one_cm":1834,"minecraft:fly_one_cm":25231},"minecraft:dropped":{"minecraft:rotten_flesh":4,"minecraft:wheat_seeds":3},"minecraft:used":{"minecraft:dirt":1,"minecraft:porkchop":1,"alexsmobs:animal_dictionary":2,"minecraft:pumpkin":1},"minecraft:picked_up":{"minecraft:rotten_flesh":4,"minecraft:pumpkin":1,"minecraft:wheat_seeds":3,"minecraft:porkchop":1,"minecraft:dirt":7},"minecraft:mined":{"minecraft:grass":27,"minecraft:grass_block":2,"minecraft:dirt":5,"minecraft:tall_grass":3,"minecraft:pumpkin":1}},"DataVersion":3465}