{
  "create:root": {
    "criteria": {
      "0": "2024-07-27 18:06:24 +0000"
    },
    "done": true
  },
  "minecraft:recipes/decorations/crafting_table": {
    "criteria": {
      "unlock_right_away": "2024-07-27 18:06:24 +0000"
    },
    "done": true
  },
  "betterdungeons:root": {
    "criteria": {
      "always": "2024-07-27 18:06:24 +0000"
    },
    "done": true
  },
  "overworld_netherite_ore:overworld_netherite": {
    "criteria": {
      "overworld_netherite_0": "2024-07-27 18:06:24 +0000"
    },
    "done": true
  },
  "farmersdelight:main/root": {
    "criteria": {
      "seeds": "2024-07-27 18:06:24 +0000"
    },
    "done": true
  },
  "minecraft:adventure/adventuring_time": {
    "criteria": {
      "minecraft:plains": "2024-07-27 18:06:26 +0000"
    },
    "done": false
  },
  "DataVersion": 3465
}